Company,Location,Date,Time,Rocket,Mission,RocketStatus,Price,MissionStatus
CASC,"LC-2, Xichang Satellite Launch Center, China",2019-01-10,17:11:00,Long March 3B/E,Zhongxing-2D (Chinasat-2D),Active,29.15,Success
SpaceX,"SLC-4E, Vandenberg AFB, California, USA",2019-01-11,15:31:00,Falcon 9 Block 5,Iridium-8,Active,67,Success
ISA,"Imam Khomeini Spaceport, Semnan Space Center, Iran",2019-01-15,00:30:00,Simorgh,Payam-e Amirkabir,Active,0,Failure
JAXA,"Mu Pad, Uchinoura Space Center, Japan",2019-01-18,00:50:00,Epsilon PBS,Innovative Satellite Technology Demonstration-1,Active,39,Success
ULA,"SLC-6, Vandenberg AFB, California, USA",2019-01-19,19:10:00,Delta IV Heavy,NROL-71,Active,350,Success
CASC,"Site 95, Jiuquan Satellite Launch Center, China",2019-01-21,05:42:00,Long March 11,Jilin-1 Hyperspectral & Others,Active,5.3,Success
Blue Origin,"Blue Origin Launch Site, West Texas, Texas, USA",2019-01-23,15:05:00,New Shepard,NS-10,Active,0,Success
ISRO,"First Launch Pad, Satish Dhawan Space Centre, India",2019-01-24,18:07:00,PSLV-DL,Microsat-R,Active,0,Success
Arianespace,"ELA-3, Guiana Space Centre, French Guiana, France",2019-02-05,21:01:00,Ariane 5 ECA,GSAT-31 & Hellas-Sat-4,Active,200,Success
ISA,"Imam Khomeini Spaceport, Semnan Space Center, Iran",2019-02-05,,Safir-1B+,Dousti,Active,0,Failure
VKS RF,"Site 31/6, Baikonur Cosmodrome, Kazakhstan",2019-02-21,16:47:00,Soyuz 2.1b/Fregat-M,EgyptSat-A,Active,25,Success
SpaceX,"SLC-40, Cape Canaveral AFS, Florida, USA",2019-02-22,01:45:00,Falcon 9 Block 5,Nusantara Satu & Beresheet,Active,67,Success
Arianespace,"ELS, Guiana Space Centre, French Guiana, France",2019-02-27,21:37:00,Soyuz ST-B/Fregat-M,OneWeb #1,Active,0,Success
SpaceX,"LC-39A, Kennedy Space Center, Florida, USA",2019-03-02,07:49:00,Falcon 9 Block 5,SpaceX Demo-1,Active,67,Success
Exos,"Vertical Launch Area, Spaceport America, New Mexico",2019-03-02,17:45:00,SARGE,Launch 2,Active,0,Partial Failure
CASC,"LC-3, Xichang Satellite Launch Center, China",2019-03-09,16:28:00,Long March 3B/E,Zhongxing-6C,Active,29.15,Success
Roscosmos,"Site 1/5, Baikonur Cosmodrome, Kazakhstan",2019-03-14,19:14:00,Soyuz FG,Soyuz MS-12 (58S),Retired,0,Success
ULA,"SLC-37B, Cape Canaveral AFS, Florida, USA",2019-03-16,00:26:00,"Delta IV Medium+ (5,4)",WGS-10,Retired,0,Success
Arianespace,"ELV-1 (SLV), Guiana Space Centre, French Guiana, France",2019-03-22,01:50:00,Vega,PRISMA,Active,37,Success
OneSpace,"Site 95, Jiuquan Satellite Launch Center, China",2019-03-27,09:39:00,OS-M1,Lingque-1B,Active,0,Failure
Rocket Lab,"Rocket Lab LC-1A, M?hia Peninsula, New Zealand",2019-03-28,23:27:00,Electron/Curie,Two Thumbs Up,Active,7.5,Success
CASC,"LC-2, Xichang Satellite Launch Center, China",2019-03-31,15:51:00,Long March 3B/E,Tianlian-2,Active,29.15,Success
ISRO,"Second Launch Pad, Satish Dhawan Space Centre, India",2019-04-01,03:57:00,PSLV-QL,EMISAT & Rideshares,Active,21,Success
Roscosmos,"Site 31/6, Baikonur Cosmodrome, Kazakhstan",2019-04-04,11:01:00,Soyuz 2.1a,Progress MS-11 (72P),Active,17.42,Success
Arianespace,"ELS, Guiana Space Centre, French Guiana, France",2019-04-04,17:04:00,Soyuz ST-B/Fregat-MT,O3b FM17-FM20,Active,30,Success
SpaceX,"LC-39A, Kennedy Space Center, Florida, USA",2019-04-11,22:35:00,Falcon Heavy,ArabSat 6A,Active,90,Success
Northrop,"LP-0A, Wallops Flight Facility, Virginia, USA",2019-04-17,20:46:00,Antares 230,CRS NG-11,Retired,85,Success
CASC,"LC-3, Xichang Satellite Launch Center, China",2019-04-20,14:30:00,Long March 3B/E,Beidou-3 IGSO-1,Active,29.15,Success
CASC,"Taiyuan Satellite Launch Center, China",2019-04-29,22:52:00,Long March 4B,Tianhui-2 Group 01,Active,64.68,Success
Blue Origin,"Blue Origin Launch Site, West Texas, Texas, USA",2019-05-02,13:35:00,New Shepard,NS-11,Active,0,Success
SpaceX,"SLC-40, Cape Canaveral AFS, Florida, USA",2019-05-04,06:48:00,Falcon 9 Block 5,CRS-17,Active,67,Success
Rocket Lab,"Rocket Lab LC-1A, M?hia Peninsula, New Zealand",2019-05-05,06:00:00,Electron/Curie,That's a Funny Looking Cactus,Active,7.5,Success
CASC,"LC-2, Xichang Satellite Launch Center, China",2019-05-17,15:48:00,Long March 3C/E,Beidou-2 G8,Active,20,Success
ISRO,"First Launch Pad, Satish Dhawan Space Centre, India",2019-05-22,00:00:00,PSLV-CA,RISAT-2B,Active,21,Success
CASC,"LC-9, Taiyuan Satellite Launch Center, China",2019-05-22,22:55:00,Long March 4C,Yaogan Weixing-33,Active,64.68,Failure
SpaceX,"SLC-40, Cape Canaveral AFS, Florida, USA",2019-05-24,02:30:00,Falcon 9 Block 5,Starlink V0.9,Active,67,Success
Roscosmos,"Site 43/4, Plesetsk Cosmodrome, Russia",2019-05-27,06:23:00,Soyuz 2.1b/Fregat-M,Cosmos 2534,Active,25,Success
Roscosmos,"Site 200/39, Baikonur Cosmodrome, Kazakhstan",2019-05-30,17:42:00,Proton-M/Briz-M,Yamal-601,Active,65,Success
CASC,"Tai Rui Barge, Yellow Sea",2019-06-05,04:06:00,Long March 11H,Jilin-1 & Others,Active,5.3,Success
SpaceX,"SLC-4E, Vandenberg AFB, California, USA",2019-06-12,14:17:00,Falcon 9 Block 5,RADARSAT Constellation,Active,67,Success
Arianespace,"ELA-3, Guiana Space Centre, French Guiana, France",2019-06-20,21:43:00,Ariane 5 ECA,Eutelsat 7C &  AT&T T-16,Active,200,Success
CASC,"LC-3, Xichang Satellite Launch Center, China",2019-06-24,18:09:00,Long March 3B/E,Beidou-3 IGSO-2,Active,29.15,Success
SpaceX,"LC-39A, Kennedy Space Center, Florida, USA",2019-06-25,06:30:00,Falcon Heavy,STP-2,Active,90,Success
Rocket Lab,"Rocket Lab LC-1A, M?hia Peninsula, New Zealand",2019-06-29,04:30:00,Electron/Curie,Make it Rain,Active,7.5,Success
Exos,"Vertical Launch Area, Spaceport America, New Mexico",2019-06-29,18:00:00,SARGE,Launch 3,Active,0,Partial Failure
Roscosmos,"Site 1S, Vostochny Cosmodrome, Russia",2019-07-05,05:41:00,Soyuz 2.1b/Fregat-M,"Meteor-M No.2-2, Landmapper-BC 5 & 6, and Others",Active,25,Success
VKS RF,"Site 43/4, Plesetsk Cosmodrome, Russia",2019-07-10,17:14:00,Soyuz 2.1v/Volga,Cosmos 2535 to 2538,Active,0,Success
Arianespace,"ELV-1 (SLV), Guiana Space Centre, French Guiana, France",2019-07-11,01:53:00,Vega,Falcon Eye 1,Active,37,Failure
Roscosmos,"Site 81/24, Baikonur Cosmodrome, Kazakhstan",2019-07-13,12:31:00,Proton-M/DM-3,Spektr-RG,Active,65,Success
Roscosmos,"Site 1/5, Baikonur Cosmodrome, Kazakhstan",2019-07-20,16:28:00,Soyuz FG,Soyuz MS-13 (59S),Retired,0,Success
ISRO,"Second Launch Pad, Satish Dhawan Space Centre, India",2019-07-22,09:13:00,GSLV Mk III,Chandrayaan-2 lunar mission,Active,62,Success
i-Space,"Site 95, Jiuquan Satellite Launch Center, China",2019-07-25,05:00:00,Hyperbola-1,CAS-7B & Others,Active,0,Success
SpaceX,"SLC-40, Cape Canaveral AFS, Florida, USA",2019-07-25,22:01:00,Falcon 9 Block 5,CRS-18,Active,67,Success
CASC,"LC-3, Xichang Satellite Launch Center, China",2019-07-26,03:57:00,Long March 2C,Yaogan-30-05,Active,30.8,Success
VKS RF,"Site 43/4, Plesetsk Cosmodrome, Russia",2019-07-30,05:56:00,Soyuz 2.1a/Fregat-M,Meridian-M nвЂ В­18L,Active,23,Success
Roscosmos,"Site 31/6, Baikonur Cosmodrome, Kazakhstan",2019-07-31,12:10:00,Soyuz 2.1a,Progress MS-12,Active,17.42,Success
Roscosmos,"Site 81/24, Baikonur Cosmodrome, Kazakhstan",2019-08-05,21:56:00,Proton-M/Briz-M,Cosmos 2539,Active,65,Success
Arianespace,"ELA-3, Guiana Space Centre, French Guiana, France",2019-08-06,19:30:00,Ariane 5 ECA,EDRS-C/HYLAS 3 & Intelsat 39,Active,200,Success
SpaceX,"SLC-40, Cape Canaveral AFS, Florida, USA",2019-08-06,23:23:00,Falcon 9 Block 5,AMOS-17,Active,67,Success
ULA,"SLC-41, Cape Canaveral AFS, Florida, USA",2019-08-08,10:13:00,Atlas V 551,AEHF 5,Active,153,Success
CASC,"Site 95, Jiuquan Satellite Launch Center, China",2019-08-17,04:11:00,Jielong-1,Tianqi-4 & Others,Active,7.5,Success
CASC,"LC-2, Xichang Satellite Launch Center, China",2019-08-19,12:03:00,Long March 3B/E,ChinaSat 18,Active,29.15,Success
Rocket Lab,"Rocket Lab LC-1A, M?hia Peninsula, New Zealand",2019-08-19,12:12:00,Electron/Curie,"Look Ma, No Hands!",Active,7.5,Success
Roscosmos,"Site 31/6, Baikonur Cosmodrome, Kazakhstan",2019-08-22,03:38:00,Soyuz 2.1a,Soyuz MS-14 (60S),Active,17.42,Success
ULA,"SLC-37B, Cape Canaveral AFS, Florida, USA",2019-08-22,13:06:00,"Delta IV Medium+ (4,2)",GPS III SV02,Retired,164,Success
ISA,"Imam Khomeini Spaceport, Semnan Space Center, Iran",2019-08-29,,Safir-1B+,Nahid-1,Active,0,Prelaunch Failure
VKS RF,"Site 133/3, Plesetsk Cosmodrome, Russia",2019-08-30,14:00:00,Rokot/Briz KM,Cosmos 2540,Retired,41.8,Success
ExPace,"Site 95, Jiuquan Satellite Launch Center, China",2019-08-30,23:41:00,Kuaizhou 1A,KX-09 & Others,Active,5.8,Success
CASC,"LC-9, Taiyuan Satellite Launch Center, China",2019-09-12,03:26:00,Long March 4B,"Ziyuan-2D, BNU-1 & Taurus-1",Active,64.68,Success
CASC,"Site 95, Jiuquan Satellite Launch Center, China",2019-09-19,06:42:00,Long March 11,Zhuhai-1 Group 03,Active,5.3,Success
CASC,"LC-2, Xichang Satellite Launch Center, China",2019-09-22,21:10:00,Long March 3B/YZ-1,BeiDou-3 M23 & M24,Active,0,Success
MHI,"LA-Y2, Tanegashima Space Center, Japan",2019-09-24,16:05:00,H-IIB,HTV-8,Retired,112.5,Success
CASC,"Site 9401 (SLS-2), Jiuquan Satellite Launch Center, China",2019-09-25,00:54:00,Long March 2D,Yunhai-1-02,Active,29.75,Success
Roscosmos,"Site 1/5, Baikonur Cosmodrome, Kazakhstan",2019-09-25,13:57:00,Soyuz FG,Soyuz MS-15 (61S),Retired,0,Success
VKS RF,"Site 43/4, Plesetsk Cosmodrome, Russia",2019-09-26,07:46:00,Soyuz 2.1b/Fregat,Cosmos 2541,Active,25,Success
CASC,"LC-9, Taiyuan Satellite Launch Center, China",2019-10-04,18:51:00,Long March 4C,Gaofen 10 (Replacement),Active,64.68,Success
ILS,"Site 200/39, Baikonur Cosmodrome, Kazakhstan",2019-10-09,10:17:00,Proton-M/Briz-M,Eutelsat 5 West B & MEV-1,Active,65,Success
Northrop,"Stargazer, Cape Canaveral AFS, Florida, USA",2019-10-11,01:59:00,Pegasus XL,ICON,Active,40,Success
Rocket Lab,"Rocket Lab LC-1A, M?hia Peninsula, New Zealand",2019-10-17,01:22:00,Electron/Curie,As The Crow Flies,Active,7.5,Success
CASC,"LC-3, Xichang Satellite Launch Center, China",2019-10-17,15:21:00,Long March 3B/E,TJSW-4,Active,29.15,Success
Exos,"Vertical Launch Area, Spaceport America, New Mexico",2019-10-26,17:40:00,SARGE,Launch 4,Active,0,Failure
Northrop,"LP-0A, Wallops Flight Facility, Virginia, USA",2019-11-02,13:59:00,Antares 230+,CRS NG-12,Active,85,Success
CASC,"LC-9, Taiyuan Satellite Launch Center, China",2019-11-03,03:22:00,Long March 4B,Gaofen-7,Active,64.68,Success
CASC,"LC-2, Xichang Satellite Launch Center, China",2019-11-04,17:43:00,Long March 3B/E,Beidou-3 IGSO-3,Active,29.15,Success
SpaceX,"SLC-40, Cape Canaveral AFS, Florida, USA",2019-11-11,14:56:00,Falcon 9 Block 5,Starlink V1 L1,Active,67,Success
ExPace,"Site 95, Jiuquan Satellite Launch Center, China",2019-11-13,03:40:00,Kuaizhou 1A,Jilin 1-02A,Active,5.8,Success
CASC,"LC-16, Taiyuan Satellite Launch Center, China",2019-11-13,06:35:00,Long March 6,Ningxia-1 (x5),Active,19,Success
ExPace,"Site 95, Jiuquan Satellite Launch Center, China",2019-11-17,10:00:00,Kuaizhou 1A,"KL-Alpha A, KL-Alpha B",Active,5.8,Success
CASC,"LC-3, Xichang Satellite Launch Center, China",2019-11-23,00:55:00,Long March 3B/YZ-1,BeiDou-3 M21 & M22,Active,0,Success
VKS RF,"Site 43/4, Plesetsk Cosmodrome, Russia",2019-11-25,17:52:00,Soyuz 2.1v/Volga,Cosmos 2542 & 2543,Active,0,Success
Arianespace,"ELA-3, Guiana Space Centre, French Guiana, France",2019-11-26,21:23:00,Ariane 5 ECA,Inmarsat 5 F5 & TIBA-1,Active,200,Success
ISRO,"Second Launch Pad, Satish Dhawan Space Centre, India",2019-11-27,03:58:00,PSLV-XL,Cartosat-3 & Rideshares,Active,31,Success
CASC,"LC-9, Taiyuan Satellite Launch Center, China",2019-11-27,23:52:00,Long March 4C,Gaofen-12,Active,64.68,Success
SpaceX,"SLC-40, Cape Canaveral AFS, Florida, USA",2019-12-05,17:29:00,Falcon 9 Block 5,CRS-19,Active,67,Success
Rocket Lab,"Rocket Lab LC-1A, M?hia Peninsula, New Zealand",2019-12-06,08:18:00,Electron/Curie,Running Out Of Fingers,Active,7.5,Success
Roscosmos,"Site 31/6, Baikonur Cosmodrome, Kazakhstan",2019-12-06,09:34:00,Soyuz 2.1a,Progress MS-13 (74P),Active,17.42,Success
ExPace,"Taiyuan Satellite Launch Center, China",2019-12-07,02:55:00,Kuaizhou 1A,Jilin-1 Gaofen-02B,Active,5.8,Success
ExPace,"Site 9401 (SLS-2), Jiuquan Satellite Launch Center, China",2019-12-07,08:52:00,Kuaizhou 1A,HEAD-2A/B / SpaceTY 16/17 / Tianqi 4A/B,Active,5.8,Success
VKS RF,"Site 43/3, Plesetsk Cosmodrome, Russia",2019-12-11,08:54:00,Soyuz 2.1b/Fregat,Cosmos 2544,Active,25,Success
ISRO,"First Launch Pad, Satish Dhawan Space Centre, India",2019-12-11,09:55:00,PSLV-QL,RISAT 2BR1,Active,21,Success
Blue Origin,"Blue Origin Launch Site, West Texas, Texas, USA",2019-12-11,17:55:00,New Shepard,NS-12,Active,0,Success
CASC,"LC-3, Xichang Satellite Launch Center, China",2019-12-16,07:22:00,Long March 3B/YZ-1,BeiDou-3 M19 & M20,Active,0,Success
SpaceX,"SLC-40, Cape Canaveral AFS, Florida, USA",2019-12-17,00:10:00,Falcon 9 Block 5,JCSAT-18 / Kacific-1,Active,67,Success
Arianespace,"ELS, Guiana Space Centre, French Guiana, France",2019-12-18,08:54:00,Soyuz ST-A/Fregat-M,"CSG-1, CHEOPS & Others",Active,30,Success
CASC,"LC-9, Taiyuan Satellite Launch Center, China",2019-12-20,03:22:00,Long March 4B,"CBERS-4A, ETRSS-1 & Others",Active,64.68,Success
ULA,"SLC-41, Cape Canaveral AFS, Florida, USA",2019-12-20,11:36:00,Atlas V N22,Starliner OFT,Active,0,Success
Roscosmos,"Site 81/24, Baikonur Cosmodrome, Kazakhstan",2019-12-24,12:03:00,Proton-M/DM-3,Elektro-L nвЂ В­3,Active,65,Success
VKS RF,"Site 133/3, Plesetsk Cosmodrome, Russia",2019-12-26,23:11:00,Rokot/Briz KM,"Gonets-M ???24, 25, 26 [block-15] & Blits-M1",Retired,41.8,Success
CASC,"LC-101, Wenchang Satellite Launch Center, China",2019-12-27,12:45:00,Long March 5,Shijian-20,Active,0,Success
SpaceX,"SLC-40, Cape Canaveral AFS, Florida, USA",2020-01-07,02:19:00,Falcon 9 Block 5,Starlink V1 L2,Active,67,Success
CASC,"LC-2, Xichang Satellite Launch Center, China",2020-01-07,15:20:00,Long March 3B/E,TJSW-5,Active,29.15,Success
CASC,"LC-9, Taiyuan Satellite Launch Center, China",2020-01-15,02:53:00,Long March 2D,Jilin-1 Wideband 01 & ??uSat-7/8,Active,29.75,Success
ExPace,"Site 95, Jiuquan Satellite Launch Center, China",2020-01-16,03:02:00,Kuaizhou 1A,Yinhe-1,Active,5.8,Success
Arianespace,"ELA-3, Guiana Space Centre, French Guiana, France",2020-01-16,21:05:00,Ariane 5 ECA,Eutelsat Konnect BB4A & GSAT-30,Active,200,Success
SpaceX,"LC-39A, Kennedy Space Center, Florida, USA",2020-01-19,15:30:00,Falcon 9 Block 5,Crew Dragon Inflight Abort Test,Active,67,Success
SpaceX,"SLC-40, Cape Canaveral AFS, Florida, USA",2020-01-29,14:06:00,Falcon 9 Block 5,Starlink V1 L3,Active,67,Success
Rocket Lab,"Rocket Lab LC-1A, M?hia Peninsula, New Zealand",2020-01-31,02:56:00,Electron/Curie,Birds of a Feather / NROL-151,Active,7.5,Success
Arianespace,"Site 31/6, Baikonur Cosmodrome, Kazakhstan",2020-02-06,21:42:00,Soyuz 2.1b/Fregat,OneWeb #2,Active,25,Success
MHI,"LA-Y1, Tanegashima Space Center, Japan",2020-02-09,01:34:00,H-IIA 202,IGS-Optical 7,Active,90,Success
ISA,"Imam Khomeini Spaceport, Semnan Space Center, Iran",2020-02-09,15:48:00,Simorgh,Zafar 1,Active,0,Failure
ULA,"SLC-41, Cape Canaveral AFS, Florida, USA",2020-02-10,04:03:00,Atlas V 411,Solar Orbiter,Retired,115,Success
Northrop,"LP-0A, Wallops Flight Facility, Virginia, USA",2020-02-15,20:21:00,Antares 230+,CRS NG-13,Active,85,Success
SpaceX,"SLC-40, Cape Canaveral AFS, Florida, USA",2020-02-17,15:05:00,Falcon 9 Block 5,Starlink V1 L4,Active,67,Success
Arianespace,"ELA-3, Guiana Space Centre, French Guiana, France",2020-02-18,22:18:00,Ariane 5 ECA,JCSAT-17 & GEO-KOMPSAT 2B,Active,200,Success
CASC,"LC-3, Xichang Satellite Launch Center, China",2020-02-19,21:07:00,Long March 2D,XJS-C to F,Active,29.75,Success
VKS RF,"Site 43/3, Plesetsk Cosmodrome, Russia",2020-02-20,08:24:00,Soyuz 2.1a/Fregat-M,Meridian-M nвЂ В­19L,Active,23,Success
SpaceX,"SLC-40, Cape Canaveral AFS, Florida, USA",2020-03-07,04:50:00,Falcon 9 Block 5,CRS-20,Active,67,Success
CASC,"LC-2, Xichang Satellite Launch Center, China",2020-03-09,11:55:00,Long March 3B/E,Beidou-3 G2,Active,29.15,Success
CASC,"LC-201, Wenchang Satellite Launch Center, China",2020-03-16,13:34:00,Long March 7A,XJY-6,Active,0,Failure
VKS RF,"Site 43/4, Plesetsk Cosmodrome, Russia",2020-03-16,18:28:00,Soyuz 2.1b/Fregat-M,Cosmos 2545,Active,25,Success
SpaceX,"LC-39A, Kennedy Space Center, Florida, USA",2020-03-18,12:16:00,Falcon 9 Block 5,Starlink V1 L5,Active,67,Success
Arianespace,"Site 31/6, Baikonur Cosmodrome, Kazakhstan",2020-03-21,17:06:00,Soyuz 2.1b/Fregat,OneWeb #3,Active,25,Success
CASC,"LC-3, Xichang Satellite Launch Center, China",2020-03-24,03:43:00,Long March 2C,Yaogan-30-06,Active,30.8,Success
ULA,"SLC-41, Cape Canaveral AFS, Florida, USA",2020-03-26,20:18:00,Atlas V 551,AEHF 6,Active,153,Success
Roscosmos,"Site 31/6, Baikonur Cosmodrome, Kazakhstan",2020-04-09,08:05:00,Soyuz 2.1a,Soyuz MS-16,Active,17.42,Success
CASC,"LC-2, Xichang Satellite Launch Center, China",2020-04-09,11:46:00,Long March 3B/E,Nusantara Dua,Active,29.15,Failure
IRGC,"Launch Plateform, Shahrud Missile Test Site",2020-04-22,03:59:00,Qased,Noor 1,Active,0,Success
SpaceX,"LC-39A, Kennedy Space Center, Florida, USA",2020-04-22,19:30:00,Falcon 9 Block 5,Starlink V1 L6,Active,67,Success
Roscosmos,"Site 31/6, Baikonur Cosmodrome, Kazakhstan",2020-04-25,01:51:00,Soyuz 2.1a,Progress MS-14,Active,17.42,Success
CASC,"LC-101, Wenchang Satellite Launch Center, China",2020-05-05,10:00:00,Long March 5B,Test Flight (New Crew Capsule),Active,,Success
ExPace,"Site 95, Jiuquan Satellite Launch Center, China",2020-05-12,01:16:00,Kuaizhou 1A,Xingyun-2 01 (Wuhan) & 02,Active,5.8,Success
ULA,"SLC-41, Cape Canaveral AFS, Florida, USA",2020-05-17,13:14:00,Atlas V 501,OTV-6 (USSF-7),Retired,120,Success
MHI,"LA-Y2, Tanegashima Space Center, Japan",2020-05-20,17:31:00,H-IIB,HTV-9,Retired,112.5,Success
VKS RF,"Site 43/4, Plesetsk Cosmodrome, Russia",2020-05-22,07:31:00,Soyuz 2.1b/Fregat-M,Cosmos 2546,Active,25,Success
Virgin Orbit,"Cosmic Girl, Mojave Air and Space Port, California, USA",2020-05-25,19:50:00,LauncherOne,Demo Flight,Active,12,Failure
CASC,"Xichang Satellite Launch Center, China",2020-05-29,20:13:00,Long March 11,XJS-G and XJS-H,Active,5.3,Success
SpaceX,"LC-39A, Kennedy Space Center, Florida, USA",2020-05-30,19:22:00,Falcon 9 Block 5,SpaceX Demo-2,Active,67,Success
CASC,"Site 9401 (SLS-2), Jiuquan Satellite Launch Center, China",2020-05-31,08:53:00,Long March 2D,Gaofen-9-02 & HEAD-4,Active,29.75,Success
SpaceX,"SLC-40, Cape Canaveral AFS, Florida, USA",2020-06-04,01:25:00,Falcon 9 Block 5,Starlink V1 L7,Active,67,Success
CASC,"LC-9, Taiyuan Satellite Launch Center, China",2020-06-10,18:31:00,Long March 2C,Haiyang-1D,Active,30.8,Success
Rocket Lab,"Rocket Lab LC-1A, M?hia Peninsula, New Zealand",2020-06-13,05:12:00,Electron/Curie,Don't stop me now!,Active,7.5,Success
SpaceX,"SLC-40, Cape Canaveral AFS, Florida, USA",2020-06-13,09:21:00,Falcon 9 Block 5,Starlink V1 L8 & SkySat 16 to 18,Active,67,Success
CASC,"Site 9401 (SLS-2), Jiuquan Satellite Launch Center, China",2020-06-17,07:19:00,Long March 2D,"Gaofen-9 03, Pixing III A & HEAD-5",Active,29.75,Success
CASC,"LC-2, Xichang Satellite Launch Center, China",2020-06-23,01:43:00,Long March 3B/E,Beidou-3 G3,Active,29.15,Success
SpaceX,"SLC-40, Cape Canaveral AFS, Florida, USA",2020-06-30,20:10:00,Falcon 9 Block 5,GPS III SV03,Active,67,Success
CASC,"LC-9, Taiyuan Satellite Launch Center, China",2020-07-03,03:10:00,Long March 4B,Gaofen Duomo & BY-02,Active,64.68,Success
Rocket Lab,"Rocket Lab LC-1A, M?hia Peninsula, New Zealand",2020-07-04,21:19:00,Electron/Curie,Pics Or It Didn't Happen,Active,7.5,Failure
CASC,"Site 9401 (SLS-2), Jiuquan Satellite Launch Center, China",2020-07-04,23:44:00,Long March 2D,Shiyan-6 02,Active,29.75,Success
IAI,"Pad 1, Palmachim Airbase, Israel",2020-07-06,01:00:00,Shavit-2,Ofek-16,Active,0,Success
CASC,"LC-3, Xichang Satellite Launch Center, China",2020-07-09,12:11:00,Long March 3B/E,Apstar-6D,Active,29.15,Success
ExPace,"Site 95, Jiuquan Satellite Launch Center, China",2020-07-10,04:17:00,Kuaizhou 11,"Jilin-1 02E, CentiSpace-1 S2",Active,28.3,Failure
Northrop,"LP-0B, Wallops Flight Facility, Virginia, USA",2020-07-15,13:46:00,Minotaur IV,NROL-129,Active,46,Success
JAXA,"LA-Y1, Tanegashima Space Center, Japan",2020-07-19,21:58:00,H-IIA 202,Hope Mars Mission,Active,90,Success
SpaceX,"SLC-40, Cape Canaveral AFS, Florida, USA",2020-07-20,21:30:00,Falcon 9 Block 5,ANASIS-II,Active,67,Success
CASC,"LC-101, Wenchang Satellite Launch Center, China",2020-07-23,04:41:00,Long March 5,Tianwen-1,Active,0,Success
Roscosmos,"Site 31/6, Baikonur Cosmodrome, Kazakhstan",2020-07-23,14:26:00,Soyuz 2.1a,Progress MS-15,Active,17.42,Success
CASC,"LC-9, Taiyuan Satellite Launch Center, China",2020-07-25,03:13:00,Long March 4B,"Ziyuan-3 03, Apocalypse-10 & NJU-HKU 1",Active,64.68,Success
ULA,"SLC-41, Cape Canaveral AFS, Florida, USA",2020-07-30,11:50:00,Atlas V 541,Perseverance,Active,145,Success
Roscosmos,"Site 200/39, Baikonur Cosmodrome, Kazakhstan",2020-07-30,21:25:00,Proton-M/Briz-M,Ekspress-80 & Ekspress-103,Active,65,Success
SpaceX,"Pad A, Boca Chica, Texas, USA",2020-08-04,23:57:00,Starship Prototype,150 Meter Hop,Active,0,Success
CASC,"Site 9401 (SLS-2), Jiuquan Satellite Launch Center, China",2020-08-06,04:01:00,Long March 2D,Gaofen-9 04 & Q-SAT,Active,29.75,Success
SpaceX,"LC-39A, Kennedy Space Center, Florida, USA",2020-08-07,05:12:00,Falcon 9 Block 5,Starlink V1 L9 & BlackSky,Active,67,Success
Arianespace,"ELA-3, Guiana Space Centre, French Guiana, France",2020-08-15,22:04:00,Ariane 5 ECA,"BSat 4b & Galaxy 30, MEV-2",Active,200,Success
SpaceX,"SLC-40, Cape Canaveral SFS, Florida, USA",2020-08-18,14:31:00,Falcon 9 Block 5,Starlink V1 L10 & SkySat 19 to 21,Active,67,Success
CASC,"Site 9401 (SLS-2), Jiuquan Satellite Launch Center, China",2020-08-23,02:27:00,Long March 2D,"Gaofen-9 05, Tiantuo-5 & MTS",Active,29.75,Success
SpaceX,"SLC-40, Cape Canaveral SFS, Florida, USA",2020-08-30,23:18:00,Falcon 9 Block 5,SAOCOM 1B & Rideshares,Active,67,Success
Rocket Lab,"Rocket Lab LC-1A, MДЃhia Peninsula, New Zealand",2020-08-31,03:05:00,Electron/Photon,I CanвЂ™t Believe ItвЂ™s Not Optical,Active,0,Success
Arianespace,"ELV-1, Guiana Space Centre, French Guiana, France",2020-09-03,01:51:00,Vega,SSMS nВ°1 PoC,Active,37,Success
SpaceX,"LC-39A, Kennedy Space Center, Florida, USA",2020-09-03,12:46:00,Falcon 9 Block 5,Starlink V1 L11,Active,67,Success
CASC,"Site 901 (SLS-1), Jiuquan Satellite Launch Center, China",2020-09-04,07:30:00,Long March 2F/T,Experimental Spaceplane (CSSHQ),Active,0,Success
CASC,"LC-9, Taiyuan Satellite Launch Center, China",2020-09-07,05:57:00,Long March 4B,Gaofen-11 02,Active,64.68,Success
Astra,"LP-3B, Pacific Spaceport Complex, Kodiak, Alaska, USA",2020-09-12,03:19:00,Rocket 3,Rocket 3.1,Active,2.5,Failure
ExPace,"Site 95, Jiuquan Satellite Launch Center, China",2020-09-12,05:02:00,Kuaizhou 1A,Jilin-1 High Resolution 02C,Active,5.8,Failure
CASC,"DeBo 3 Barge, Yellow Sea",2020-09-15,01:23:00,Long March 11H,Jilin-1 High Resolution 03,Active,5.3,Success
CASC,"Site 9401 (SLS-2), Jiuquan Satellite Launch Center, China",2020-09-21,05:40:00,Long March 4B,Haiyang 2C,Active,64.68,Success
CASC,"LC-9, Taiyuan Satellite Launch Center, China",2020-09-27,03:23:00,Long March 4B,Huanjing-2A & 2B,Active,64.68,Success
VKS RF,"Site 43/4, Plesetsk Cosmodrome, Russia",2020-09-28,11:20:00,Soyuz 2.1b/Fregat,Goniets-M nВ°27L to 29L & Others,Active,25,Success
Northrop,"LP-0A, Wallops Flight Facility, Virginia, USA",2020-10-03,01:16:00,Antares 230+,CRS NG-14,Active,85,Success
SpaceX,"LC-39A, Kennedy Space Center, Florida, USA",2020-10-06,11:29:00,Falcon 9 Block 5,Starlink V1 L12,Active,67,Success
CASC,"LC-2, Xichang Satellite Launch Center, China",2020-10-11,16:57:00,Long March 3B/E,Gaofen-13,Active,29.15,Success
Blue Origin,"Launch Site One, West Texas, Texas, USA",2020-10-13,13:38:00,New Shepard,NS-13,Active,0,Success
Roscosmos,"Site 31/6, Baikonur Cosmodrome, Kazakhstan",2020-10-14,05:45:00,Soyuz 2.1a,Soyuz MS-17,Active,17.42,Success
SpaceX,"LC-39A, Kennedy Space Center, Florida, USA",2020-10-18,12:25:00,Falcon 9 Block 5,Starlink V1 L13,Active,67,Success
SpaceX,"SLC-40, Cape Canaveral SFS, Florida, USA",2020-10-24,15:31:00,Falcon 9 Block 5,Starlink V1 L14,Active,67,Success
VKS RF,"Site 43/4, Plesetsk Cosmodrome, Russia",2020-10-25,19:08:00,Soyuz 2.1b/Fregat-M,Cosmos 2547,Active,25,Success
CASC,"LC-3, Xichang Satellite Launch Center, China",2020-10-26,15:19:00,Long March 2C,Yaogan-30 07 & Apocalypse-6,Active,30.8,Success
Rocket Lab,"Rocket Lab LC-1A, MДЃhia Peninsula, New Zealand",2020-10-28,21:21:00,Electron/Curie,In Focus,Active,7.5,Success
SpaceX,"SLC-40, Cape Canaveral SFS, Florida, USA",2020-11-05,23:24:00,Falcon 9 Block 5,GPS III-4,Active,67,Success
CASC,"LC-16, Taiyuan Satellite Launch Center, China",2020-11-06,03:19:00,Long March 6,Г‘uSat 9 to 18 & Others,Active,19,Success
Galactic Energy,"Site 95, Jiuquan Satellite Launch Center, China",2020-11-07,07:12:00,Ceres-1,I Believe I Can Fly,Active,4.9,Success
ISRO,"First Launch Pad, Satish Dhawan Space Centre, India",2020-11-07,09:41:00,PSLV-DL,EOS-01 & Rideshares,Active,0,Success
CASC,"LC-2, Xichang Satellite Launch Center, China",2020-11-12,15:59:00,Long March 3B/E,Tiantong-1 02,Active,29.15,Success
ULA,"SLC-41, Cape Canaveral SFS, Florida, USA",2020-11-13,22:32:00,Atlas V 531,NROL-101,Active,140,Success
SpaceX,"LC-39A, Kennedy Space Center, Florida, USA",2020-11-16,00:27:00,Falcon 9 Block 5,SpaceX Crew-1,Active,67,Success
Arianespace,"ELV-1, Guiana Space Centre, French Guiana, France",2020-11-17,01:52:00,Vega,Taranis & Seosat,Active,37,Failure
Rocket Lab,"Rocket Lab LC-1A, MДЃhia Peninsula, New Zealand",2020-11-20,02:20:00,Electron/Curie,Return To Sender,Active,7.5,Success
SpaceX,"SLC-4E, Vandenberg SFB, California, USA",2020-11-21,17:17:00,Falcon 9 Block 5,Sentinel-6A Michael Freilich,Active,67,Success
CASC,"LC-101, Wenchang Satellite Launch Center, China",2020-11-23,20:30:00,Long March 5,Chang'e 5,Active,0,Success
SpaceX,"SLC-40, Cape Canaveral SFS, Florida, USA",2020-11-25,02:13:00,Falcon 9 Block 5,Starlink V1 L15,Active,67,Success
MHI,"LA-Y1, Tanegashima Space Center, Japan",2020-11-29,07:25:00,H-IIA 202,JDRS-1,Active,90,Success
Arianespace,"ELS, Guiana Space Centre, French Guiana, France",2020-12-02,01:33:00,Soyuz ST-A/Fregat-M,Falcon Eye 2,Active,30,Success
VKS RF,"Site 43/3, Plesetsk Cosmodrome, Russia",2020-12-03,01:14:00,Soyuz 2.1b/Fregat-M,Goniets-M nВ°30L to 32L & Cosmos 2548,Active,25,Success
CASC,"LC-3, Xichang Satellite Launch Center, China",2020-12-06,03:58:00,Long March 3B/E,Gaofen 14,Active,29.15,Success
SpaceX,"LC-39A, Kennedy Space Center, Florida, USA",2020-12-06,16:17:00,Falcon 9 Block 5,CRS SpX-21,Active,67,Success
CASC,"Xichang Satellite Launch Center, China",2020-12-09,20:14:00,Long March 11,GECAM 1 & 2,Active,5.3,Success
SpaceX,"Suborbital Pad A, Starbase, Texas, USA",2020-12-09,22:45:00,Starship Prototype,12.5-Kilometer Test Flight,Active,0,Partial Failure
ULA,"SLC-37B, Cape Canaveral SFS, Florida, USA",2020-12-11,01:09:00,Delta IV Heavy,NROL-44,Active,350,Success
Virgin Galactic,"VMS Eve, Spaceport America, New Mexico, USA",2020-12-12,16:19:00,SpaceShipTwo,VF-02,Active,0,Partial Failure
SpaceX,"SLC-40, Cape Canaveral SFS, Florida, USA",2020-12-13,17:30:00,Falcon 9 Block 5,SXM-7,Active,67,Success
VKS RF,"Site 35/1, Plesetsk Cosmodrome, Russia",2020-12-14,05:50:00,Angara A5/Briz-M,MGM nВ°2,Active,100,Success
Rocket Lab,"Rocket Lab LC-1A, MДЃhia Peninsula, New Zealand",2020-12-15,10:09:00,Electron/Curie,The OwlвЂ™s Night Begins,Active,7.5,Success
Astra,"LP-3B, Pacific Spaceport Complex, Kodiak, Alaska, USA",2020-12-15,20:55:00,Rocket 3,Rocket 3.2,Active,2.5,Failure
ISRO,"Second Launch Pad, Satish Dhawan Space Centre, India",2020-12-17,10:09:00,PSLV-XL,CMS-01,Active,31,Success
Starsem,"Site 1S, Vostochny Cosmodrome, Russia",2020-12-18,12:26:00,Soyuz 2.1b/Fregat,OneWeb #4,Active,25,Success
SpaceX,"LC-39A, Kennedy Space Center, Florida, USA",2020-12-19,14:00:00,Falcon 9 Block 5,NROL-108,Active,67,Success
CASC,"LC-201, Wenchang Satellite Launch Center, China",2020-12-22,04:37:00,Long March 8,"XJY-7, Haisi-1 & Others",Active,27,Success
CASC,"Site 9401 (SLS-2), Jiuquan Satellite Launch Center, China",2020-12-27,15:44:00,Long March 4C,Yaogan-33(R) & Weina 2,Active,64.68,Success
Arianespace,"ELS, Guiana Space Centre, French Guiana, France",2020-12-29,16:42:00,Soyuz ST-A/Fregat-M,CSO-2,Active,30,Success
SpaceX,"SLC-40, Cape Canaveral SFS, Florida, USA",2021-01-08,02:15:00,Falcon 9 Block 5,TГјrksat 5A,Active,67,Success
Blue Origin,"Launch Site One, West Texas, Texas, USA",2021-01-14,17:17:00,New Shepard,NS-14,Active,0,Success
Virgin Orbit,"Cosmic Girl, Mojave Air and Space Port, California, USA",2021-01-17,19:38:00,LauncherOne,ELaNa XX,Active,12,Success
CASC,"LC-2, Xichang Satellite Launch Center, China",2021-01-19,16:25:00,Long March 3B/E,Tiantong-1 03,Active,29.15,Success
Rocket Lab,"Rocket Lab LC-1A, MДЃhia Peninsula, New Zealand",2021-01-20,07:26:00,Electron/Curie,Another One Leaves The Crust,Active,7.5,Success
SpaceX,"LC-39A, Kennedy Space Center, Florida, USA",2021-01-20,13:02:00,Falcon 9 Block 5,Starlink V1 L16,Active,67,Success
SpaceX,"SLC-40, Cape Canaveral SFS, Florida, USA",2021-01-24,15:00:00,Falcon 9 Block 5,Transporter 1,Active,67,Success
CASC,"Site 9401 (SLS-2), Jiuquan Satellite Launch Center, China",2021-01-29,04:47:00,Long March 4C,Yaogan-31 02,Active,64.68,Success
i-Space,"Site 95, Jiuquan Satellite Launch Center, China",2021-02-01,08:15:00,Hyperbola-1,6 Unknown Payloads,Active,0,Failure
ISA,"Launch Platform, Shahrud Missile Test Site, Iran",2021-02-01,,Zoljanah,Demo Flight,Active,0,Success
SpaceX,"Suborbital Pad B, Starbase, Texas, USA",2021-02-02,20:25:00,Starship Prototype,10-Kilometer Test Flight,Active,0,Partial Failure
VKS RF,"Site 43/4, Plesetsk Cosmodrome, Russia",2021-02-02,20:45:00,Soyuz 2.1b,Cosmos 2549,Active,20,Success
SpaceX,"SLC-40, Cape Canaveral SFS, Florida, USA",2021-02-04,06:19:00,Falcon 9 Block 5,Starlink V1 L18,Active,67,Success
CASC,"LC-3, Xichang Satellite Launch Center, China",2021-02-04,15:36:00,Long March 3B/E,-TJSВ 6.00,Active,29.15,Success
Roscosmos,"Site 31/6, Baikonur Cosmodrome, Kazakhstan",2021-02-15,04:45:00,Soyuz 2.1a,Progress MS-16,Active,17.42,Success
SpaceX,"SLC-40, Cape Canaveral SFS, Florida, USA",2021-02-16,03:59:00,Falcon 9 Block 5,Starlink V1 L19,Active,67,Success
Northrop,"LP-0A, Wallops Flight Facility, Virginia, USA",2021-02-20,17:36:00,Antares 230+,CRS NG-15,Active,85,Success
CASC,"Site 9401 (SLS-2), Jiuquan Satellite Launch Center, China",2021-02-24,02:22:00,Long March 4C,Yaogan-31 03,Active,64.68,Success
ISRO,"First Launch Pad, Satish Dhawan Space Centre, India",2021-02-28,04:54:00,PSLV-DL,AmazГґnia 1 & Others,Active,0,Success
Roscosmos,"Site 31/6, Baikonur Cosmodrome, Kazakhstan",2021-02-28,06:55:00,Soyuz 2.1b/Fregat-M,Arktika-M nВ°1,Active,25,Success
SpaceX,"Suborbital Pad A, Starbase, Texas, USA",2021-03-03,23:14:00,Starship Prototype,10-Kilometer Test Flight,Active,0,Partial Failure
SpaceX,"LC-39A, Kennedy Space Center, Florida, USA",2021-03-04,08:24:00,Falcon 9 Block 5,Starlink V1 L17,Active,67,Success
SpaceX,"SLC-40, Cape Canaveral SFS, Florida, USA",2021-03-11,08:13:00,Falcon 9 Block 5,Starlink V1 L20,Active,67,Success
CASC,"LC-201, Wenchang Satellite Launch Center, China",2021-03-11,17:51:00,Long March 7A,Shiyan 9,Active,0,Success
CASC,"Site 9401 (SLS-2), Jiuquan Satellite Launch Center, China",2021-03-13,02:19:00,Long March 4C,Yaogan-31 04,Active,64.68,Success
SpaceX,"LC-39A, Kennedy Space Center, Florida, USA",2021-03-14,10:01:00,Falcon 9 Block 5,Starlink V1 L21,Active,67,Success
GK LS,"Site 31/6, Baikonur Cosmodrome, Kazakhstan",2021-03-22,06:07:00,Soyuz 2.1a/Fregat-M,CAS500-1 & Others,Active,23,Success
Rocket Lab,"Rocket Lab LC-1A, MДЃhia Peninsula, New Zealand",2021-03-22,22:30:00,Electron/Photon,They Go Up So Fast,Active,0,Success
SpaceX,"SLC-40, Cape Canaveral SFS, Florida, USA",2021-03-24,08:28:00,Falcon 9 Block 5,Starlink V1 L22,Active,67,Success
Starsem,"Site 1S, Vostochny Cosmodrome, Russia",2021-03-25,02:47:00,Soyuz 2.1b/Fregat,OneWeb #5,Active,25,Success
SpaceX,"Suborbital Pad B, Starbase, Texas, USA",2021-03-30,13:00:00,Starship Prototype,10-Kilometer Test Flight,Active,0,Failure
CASC,"Site 9401 (SLS-2), Jiuquan Satellite Launch Center, China",2021-03-30,22:45:00,Long March 4C,Gaofen-12 02,Active,64.68,Success
SpaceX,"SLC-40, Cape Canaveral SFS, Florida, USA",2021-04-07,16:34:00,Falcon 9 Block 5,Starlink V1 L23,Active,67,Success
CASC,"LC-9, Taiyuan Satellite Launch Center, China",2021-04-08,23:01:00,Long March 4B,Shiyan-6 03,Active,64.68,Success
Roscosmos,"Site 31/6, Baikonur Cosmodrome, Kazakhstan",2021-04-09,07:42:00,Soyuz 2.1a,Soyuz MS-18,Active,17.42,Success
Blue Origin,"Launch Site One, West Texas, Texas, USA",2021-04-14,16:49:00,New Shepard,NS-15,Active,0,Success
SpaceX,"LC-39A, Kennedy Space Center, Florida, USA",2021-04-23,09:49:00,Falcon 9 Block 5,SpaceX Crew-2,Active,67,Success
Starsem,"Site 1S, Vostochny Cosmodrome, Russia",2021-04-25,22:14:00,Soyuz 2.1b/Fregat,OneWeb #6,Active,25,Success
ULA,"SLC-6, Vandenberg SFB, California, USA",2021-04-26,20:47:00,Delta IV Heavy,NROL-82,Active,350,Success
CASC,"LC-16, Taiyuan Satellite Launch Center, China",2021-04-27,03:20:00,Long March 6,"Qilu-1, 4 & Rideshares",Active,19,Success
Arianespace,"ELV-1, Guiana Space Centre, French Guiana, France",2021-04-29,01:50:00,Vega,PlГ©iades-NГ©o 3 & SSMS nВ°2,Active,37,Success
CASC,"LC-101, Wenchang Satellite Launch Center, China",2021-04-29,03:23:00,Long March 5B,Tianhe,Active,0,Success
SpaceX,"SLC-40, Cape Canaveral SFS, Florida, USA",2021-04-29,03:44:00,Falcon 9 Block 5,Starlink V1 L24,Active,67,Success
CASC,"Site 9401 (SLS-2), Jiuquan Satellite Launch Center, China",2021-04-30,07:27:00,Long March 4C,Yaogan 34,Active,64.68,Success
SpaceX,"LC-39A, Kennedy Space Center, Florida, USA",2021-05-04,19:01:00,Falcon 9 Block 5,Starlink V1 L25,Active,67,Success
SpaceX,"Suborbital Pad A, Starbase, Texas, USA",2021-05-05,22:25:00,Starship Prototype,10-Kilometer Test Flight,Active,0,Success
CASC,"LC-3, Xichang Satellite Launch Center, China",2021-05-06,18:11:00,Long March 2C/E,Yaogan-30 08 & Apocalypse 12,Active,30.8,Success
SpaceX,"SLC-40, Cape Canaveral SFS, Florida, USA",2021-05-09,06:42:00,Falcon 9 Block 5,Starlink V1 L27,Active,67,Success
Rocket Lab,"Rocket Lab LC-1A, MДЃhia Peninsula, New Zealand",2021-05-15,11:11:00,Electron/Curie,Running Out of Toes,Active,7.5,Failure
SpaceX,"LC-39A, Kennedy Space Center, Florida, USA",2021-05-15,22:56:00,Falcon 9 Block 5,Starlink V1 L26 & Rideshares,Active,67,Success
ULA,"SLC-41, Cape Canaveral SFS, Florida, USA",2021-05-18,17:37:00,Atlas V 421,SBIRS GEO-5,Active,123,Success
CASC,"Site 9401 (SLS-2), Jiuquan Satellite Launch Center, China",2021-05-19,04:03:00,Long March 4B,Haiyang 2D,Active,64.68,Success
Virgin Galactic,"VMS Eve, Spaceport America, New Mexico, USA",2021-05-22,15:26:00,SpaceShipTwo,VF-03,Active,0,Success
SpaceX,"SLC-40, Cape Canaveral SFS, Florida, USA",2021-05-26,18:59:00,Falcon 9 Block 5,Starlink V1 L28,Active,67,Success
Starsem,"Site 1S, Vostochny Cosmodrome, Russia",2021-05-28,17:38:00,Soyuz 2.1b/Fregat,OneWeb #7,Active,25,Success
CASC,"LC-201, Wenchang Satellite Launch Center, China",2021-05-29,12:55:00,Long March 7,Tianzhou 2,Active,0,Success
CASC,"LC-2, Xichang Satellite Launch Center, China",2021-06-02,16:17:00,Long March 3B/E,Fengyun-4B,Active,29.15,Success
SpaceX,"LC-39A, Kennedy Space Center, Florida, USA",2021-06-03,17:29:00,Falcon 9 Block 5,CRS SpX-22,Active,67,Success
SpaceX,"SLC-40, Cape Canaveral SFS, Florida, USA",2021-06-06,04:26:00,Falcon 9 Block 5,SXM-8,Active,67,Success
CASC,"LC-9, Taiyuan Satellite Launch Center, China",2021-06-11,03:03:00,Long March 2D,"Beijing-3, Haisi-2 & Others",Active,29.75,Success
Northrop,"Stargazer, Vandenberg SFB, California, USA",2021-06-13,08:11:00,Pegasus XL,Odyssey (TacRL-2),Active,40,Success
Northrop,"LP-0B, Wallops Flight Facility, Virginia, USA",2021-06-15,13:35:00,Minotaur I,NROL-111,Active,40,Success
CASC,"Site 901 (SLS-1), Jiuquan Satellite Launch Center, China",2021-06-17,01:22:00,Long March 2F/G,Shenzhou 12,Active,0,Success
SpaceX,"SLC-40, Cape Canaveral SFS, Florida, USA",2021-06-17,16:09:00,Falcon 9 Block 5,GPS III-5,Active,67,Success
CASC,"LC-3, Xichang Satellite Launch Center, China",2021-06-18,06:30:00,Long March 2C/E,Yaogan-30 09 & Apocalypse 14,Active,30.8,Success
VKS RF,"Site 43/4, Plesetsk Cosmodrome, Russia",2021-06-25,19:50:00,Soyuz 2.1b,Cosmos 2550,Active,20,Success
Roscosmos,"Site 31/6, Baikonur Cosmodrome, Kazakhstan",2021-06-29,23:27:00,Soyuz 2.1a,Progress MS-17,Active,17.42,Success
Virgin Orbit,"Cosmic Girl, Mojave Air and Space Port, California, USA",2021-06-30,14:47:00,LauncherOne,"Tubular Bells, Part One",Active,12,Success
SpaceX,"SLC-40, Cape Canaveral SFS, Florida, USA",2021-06-30,19:31:00,Falcon 9 Block 5,Transporter 2,Active,67,Success
Starsem,"Site 1S, Vostochny Cosmodrome, Russia",2021-07-01,12:48:00,Soyuz 2.1b/Fregat,OneWeb #8,Active,25,Success
CASC,"LC-9, Taiyuan Satellite Launch Center, China",2021-07-03,02:51:00,Long March 2D,Jilin-1 Wideband-01B & High Resolution 03D,Active,29.75,Success
CASC,"Site 9401 (SLS-2), Jiuquan Satellite Launch Center, China",2021-07-04,23:28:00,Long March 4C,Fengyun-3E,Active,64.68,Success
CASC,"LC-2, Xichang Satellite Launch Center, China",2021-07-06,15:53:00,Long March 3C/E,Tianlian 1-05,Active,20,Success
CASC,"LC-16, Taiyuan Satellite Launch Center, China",2021-07-09,11:59:00,Long March 6,Zhongzi Group 02 (Ningxia-1-02),Active,19,Success
Virgin Galactic,"VMS Eve, Spaceport America, New Mexico, USA",2021-07-11,15:25:00,SpaceShipTwo,Unity 22,Active,0,Success
CASC,"LC-3, Xichang Satellite Launch Center, China",2021-07-19,00:19:00,Long March 2C/E,Yaogan-30 10,Active,30.8,Success
Blue Origin,"Launch Site One, West Texas, Texas, USA",2021-07-20,13:12:00,New Shepard,NS-16,Active,0,Success
Roscosmos,"Site 200/39, Baikonur Cosmodrome, Kazakhstan",2021-07-21,14:58:00,Proton-M,MLM-U Nauka,Active,65,Success
CASC,"Site 9401 (SLS-2), Jiuquan Satellite Launch Center, China",2021-07-29,04:01:00,Long March 2D,Tianhui-1 04,Active,29.75,Success
Rocket Lab,"Rocket Lab LC-1A, MДЃhia Peninsula, New Zealand",2021-07-29,06:00:00,Electron/Curie,ItвЂ™s a Little Chile Up Here,Active,7.5,Success
Arianespace,"ELA-3, Guiana Space Centre, French Guiana, France",2021-07-30,21:00:00,Ariane 5 ECA,Eutelsat Quantum & Star One D2,Active,200,Success
i-Space,"Site 95, Jiuquan Satellite Launch Center, China",2021-08-03,07:39:00,Hyperbola-1,Jilin-1 Mofang-01A (?),Active,,Failure
CASC,"LC-16, Taiyuan Satellite Launch Center, China",2021-08-04,11:01:00,Long March 6,KL-Beta A & B,Active,19,Success
CASC,"LC-2, Xichang Satellite Launch Center, China",2021-08-05,16:30:00,Long March 3B/E,Zhongxing-2E,Active,29.15,Success
Northrop,"LP-0A, Wallops Flight Facility, Virginia, USA",2021-08-10,22:01:00,Antares 230+,CRS NG-16,Active,85,Success
ISRO,"Second Launch Pad, Satish Dhawan Space Centre, India",2021-08-12,00:13:00,GSLV Mk II,EOS-03,Active,47,Failure
Arianespace,"ELV-1, Guiana Space Centre, French Guiana, France",2021-08-17,01:47:00,Vega,"PlГ©iades-NГ©o 4, BRO-4 & Others",Active,37,Success
CASC,"LC-9, Taiyuan Satellite Launch Center, China",2021-08-18,22:32:00,Long March 4B,Tianhui-2 2A & 2B,Active,64.68,Success
Starsem,"Site 31/6, Baikonur Cosmodrome, Kazakhstan",2021-08-21,22:13:00,Soyuz 2.1b/Fregat,OneWeb #9,Active,25,Success
CASC,"Site 9401 (SLS-2), Jiuquan Satellite Launch Center, China",2021-08-24,11:15:00,Long March 2C/YZ-1S,RSW-01 - 03,Active,30.8,Success
CASC,"LC-3, Xichang Satellite Launch Center, China",2021-08-24,15:41:00,Long March 3B/E,TJSW-7,Active,29.15,Success
Blue Origin,"Launch Site One, West Texas, Texas, USA",2021-08-26,14:31:00,New Shepard,NS-17,Active,0,Success
Astra,"LP-3B, Pacific Spaceport Complex, Kodiak, Alaska, USA",2021-08-28,22:35:00,Rocket 3,STP-27AD1,Active,2.5,Failure
SpaceX,"LC-39A, Kennedy Space Center, Florida, USA",2021-08-29,07:14:00,Falcon 9 Block 5,CRS SpX-23,Active,67,Success
Firefly,"SLC-2W, Vandenberg SFB, California, USA",2021-09-03,01:59:00,Firefly Alpha,DREAM (Demo Flight),Active,0,Failure
CASC,"LC-9, Taiyuan Satellite Launch Center, China",2021-09-07,03:01:00,Long March 4C,Gaofen-5 02,Active,64.68,Success
CASC,"LC-2, Xichang Satellite Launch Center, China",2021-09-09,11:50:00,Long March 3B/E,ChinaSat 9B (Zhongxing-9B),Active,29.15,Success
VKS RF,"Site 43/4, Plesetsk Cosmodrome, Russia",2021-09-09,19:59:00,Soyuz 2.1v/Volga,Cosmos 2551,Active,0,Success
SpaceX,"SLC-4E, Vandenberg SFB, California, USA",2021-09-14,03:55:00,Falcon 9 Block 5,Starlink Group 2-1,Active,67,Success
Starsem,"Site 31/6, Baikonur Cosmodrome, Kazakhstan",2021-09-14,18:07:00,Soyuz 2.1b/Fregat,OneWeb #10,Active,25,Success
SpaceX,"LC-39A, Kennedy Space Center, Florida, USA",2021-09-16,00:02:00,Falcon 9 Block 5,Inspiration4,Active,67,Success
CASC,"LC-201, Wenchang Satellite Launch Center, China",2021-09-20,07:10:00,Long March 7,Tianzhou 3,Active,0,Success
ExPace,"Site 95, Jiuquan Satellite Launch Center, China",2021-09-27,06:19:00,Kuaizhou 1A,Jilin-1 High Resolution 02D,Active,5.8,Success
CASC,"LC-3, Xichang Satellite Launch Center, China",2021-09-27,08:20:00,Long March 3B/E,Shiyan 10,Active,29.15,Success
ULA,"SLC-3E, Vandenberg SFB, California, USA",2021-09-27,18:12:00,Atlas V 401,Landsat 9 & Others,Active,109,Success
Roscosmos,"Site 31/6, Baikonur Cosmodrome, Kazakhstan",2021-10-05,08:55:00,Soyuz 2.1a,Soyuz MS-19,Active,17.42,Success
Blue Origin,"Launch Site One, West Texas, Texas, USA",2021-10-13,14:50:00,New Shepard,NS-18,Active,0,Success
Starsem,"Site 1S, Vostochny Cosmodrome, Russia",2021-10-14,09:40:00,Soyuz 2.1b/Fregat,OneWeb #11,Active,25,Success
CASC,"LC-9, Taiyuan Satellite Launch Center, China",2021-10-14,10:51:00,Long March 2D,CHASE (Chinese HО± Solar Explorer) & Tianyuan-1,Active,29.75,Success
CASC,"Site 901 (SLS-1), Jiuquan Satellite Launch Center, China",2021-10-15,16:23:00,Long March 2F/G,Shenzhou 13,Active,0,Success
ULA,"SLC-41, Cape Canaveral SFS, Florida, USA",2021-10-16,09:34:00,Atlas V 401,Lucy,Active,109,Success
KARI,"LC-2, Naro Space Center, South Korea",2021-10-21,08:00:00,KSLV-2,Test Flight,Active,0,Failure
CASC,"LC-2, Xichang Satellite Launch Center, China",2021-10-24,01:27:00,Long March 3B/E,Shijian 21,Active,29.15,Success
Arianespace,"ELA-3, Guiana Space Centre, French Guiana, France",2021-10-24,02:10:00,Ariane 5 ECA,SES-17 & Syracuse-4A,Active,200,Success
MHI,"LA-Y1, Tanegashima Space Center, Japan",2021-10-26,02:19:00,H-IIA 202,QZS-1R,Active,90,Success
ExPace,"Site 95, Jiuquan Satellite Launch Center, China",2021-10-27,06:19:00,Kuaizhou 1A,Jilin-1 High Resolution 02F,Active,5.8,Success
Roscosmos,"Site 31/6, Baikonur Cosmodrome, Kazakhstan",2021-10-28,00:00:00,Soyuz 2.1a,Progress MS-18,Active,17.42,Success
CASC,"Site 9401 (SLS-2), Jiuquan Satellite Launch Center, China",2021-11-03,07:43:00,Long March 2C/YZ-1S,Yaogan-32 02,Active,30.8,Success
CASC,"LC-16, Taiyuan Satellite Launch Center, China",2021-11-05,02:19:00,Long March 6,SDGSAT-1,Active,19,Success
CASC,"LC-3, Xichang Satellite Launch Center, China",2021-11-06,03:00:00,Long March 2D,Yaogan 35 A/B/C,Active,29.75,Success
JAXA,"Mu Pad, Uchinoura Space Center, Japan",2021-11-09,00:55:00,Epsilon PBS,RAISE-2 & Others,Active,39,Success
SpaceX,"LC-39A, Kennedy Space Center, Florida, USA",2021-11-11,02:03:00,Falcon 9 Block 5,SpaceX Crew-3,Active,67,Success
SpaceX,"SLC-40, Cape Canaveral SFS, Florida, USA",2021-11-13,12:19:00,Falcon 9 Block 5,Starlink Group 4-1,Active,67,Success
Arianespace,"ELV-1, Guiana Space Centre, French Guiana, France",2021-11-16,09:27:00,Vega,"CERES 1, 2 & 3",Active,37,Success
Rocket Lab,"Rocket Lab LC-1A, MДЃhia Peninsula, New Zealand",2021-11-18,01:38:00,Electron/Curie,Love At First Insight,Active,7.5,Success
CASC,"LC-9, Taiyuan Satellite Launch Center, China",2021-11-20,01:51:00,Long March 4B,Gaofen-11 03,Active,64.68,Success
Astra,"LP-3B, Pacific Spaceport Complex, Kodiak, Alaska, USA",2021-11-20,06:16:00,Rocket 3,STP-27AD2,Active,2.5,Success
CASC,"Site 9401 (SLS-2), Jiuquan Satellite Launch Center, China",2021-11-22,23:45:00,Long March 4C,Gaofen-3 02,Active,64.68,Success
SpaceX,"SLC-4E, Vandenberg SFB, California, USA",2021-11-24,06:21:00,Falcon 9 Block 5,DART,Active,67,Success
Roscosmos,"Site 31/6, Baikonur Cosmodrome, Kazakhstan",2021-11-24,13:06:00,Soyuz 2.1b,Progress M-UM Prichal,Active,20,Success
ExPace,"Site 95, Jiuquan Satellite Launch Center, China",2021-11-24,23:41:00,Kuaizhou 1A,Shiyan 11,Active,5.8,Success
VKS RF,"Site 43/4, Plesetsk Cosmodrome, Russia",2021-11-25,01:09:00,Soyuz 2.1b/Fregat,Cosmos 2552,Active,25,Success
CASC,"LC-2, Xichang Satellite Launch Center, China",2021-11-26,16:40:00,Long March 3B/E,ChinaSat 1D,Active,29.15,Success
SpaceX,"SLC-40, Cape Canaveral SFS, Florida, USA",2021-12-02,23:12:00,Falcon 9 Block 5,Starlink Group 4-3 & BlackSky,Active,67,Success
Arianespace,"ELS, Guiana Space Centre, French Guiana, France",2021-12-05,00:19:00,Soyuz ST-B/Fregat-MT,Galileo FOC FM23-FM24,Active,30,Success
Galactic Energy,"Site 95, Jiuquan Satellite Launch Center, China",2021-12-07,04:12:00,Ceres-1,Keep On Moving,Active,4.9,Success
ULA,"SLC-41, Cape Canaveral SFS, Florida, USA",2021-12-07,10:19:00,Atlas V 551,STP-3,Active,153,Success
Roscosmos,"Site 31/6, Baikonur Cosmodrome, Kazakhstan",2021-12-08,07:38:00,Soyuz 2.1a,Soyuz MS-20 / Space Adventures,Active,17.42,Success
Rocket Lab,"Rocket Lab LC-1A, MДЃhia Peninsula, New Zealand",2021-12-09,00:02:00,Electron/Curie,A Data With Destiny,Active,7.5,Success
SpaceX,"LC-39A, Kennedy Space Center, Florida, USA",2021-12-09,06:00:00,Falcon 9 Block 5,IXPE,Active,67,Success
CASC,"Site 9401 (SLS-2), Jiuquan Satellite Launch Center, China",2021-12-10,00:11:00,Long March 4B,Shijian 6 Group 05,Active,64.68,Success
Blue Origin,"Launch Site One, West Texas, Texas, USA",2021-12-11,15:00:00,New Shepard,NS-19,Active,0,Success
Roscosmos,"Site 200/39, Baikonur Cosmodrome, Kazakhstan",2021-12-13,12:07:00,Proton-M/Briz-M,Ekspress-AMU3 & AMU7,Active,65,Partial Failure
CASC,"LC-3, Xichang Satellite Launch Center, China",2021-12-13,16:09:00,Long March 3B/E,Tianlian-2-02,Active,29.15,Success
ExPace,"Site 95, Jiuquan Satellite Launch Center, China",2021-12-15,02:00:00,Kuaizhou 1A,GeeSAT-1A & 1B,Active,5.8,Failure
SpaceX,"SLC-4E, Vandenberg SFB, California, USA",2021-12-18,12:41:00,Falcon 9 Block 5,Starlink Group 4-4,Active,67,Success
SpaceX,"SLC-40, Cape Canaveral SFS, Florida, USA",2021-12-19,03:58:00,Falcon 9 Block 5,TГјrksat 5B,Active,67,Success
SpaceX,"LC-39A, Kennedy Space Center, Florida, USA",2021-12-21,10:07:00,Falcon 9 Block 5,CRS SpX-24,Active,67,Success
MHI,"LA-Y1, Tanegashima Space Center, Japan",2021-12-22,15:32:00,H-IIA 204,Inmarsat I-6 F1,Active,0,Success
CASC,"LC-201, Wenchang Satellite Launch Center, China",2021-12-23,10:12:00,Long March 7A,Shiyan 12-01 & 02,Active,0,Success
Arianespace,"ELA-3, Guiana Space Centre, French Guiana, France",2021-12-25,12:20:00,Ariane 5 ECA,James Webb Space Telescope (JWST),Active,200,Success
CASC,"LC-9, Taiyuan Satellite Launch Center, China",2021-12-26,03:11:00,Long March 4C,Ziyuan-1 02E & CAS-9,Active,64.68,Success
Starsem,"Site 31/6, Baikonur Cosmodrome, Kazakhstan",2021-12-27,13:10:00,Soyuz 2.1b/Fregat,OneWeb #12,Active,25,Success
VKS RF,"Site 35/1, Plesetsk Cosmodrome, Russia",2021-12-27,19:00:00,Angara A5/Persey,MGM nВ°3,Active,100,Failure
CASC,"Site 9401 (SLS-2), Jiuquan Satellite Launch Center, China",2021-12-29,11:13:00,Long March 2D,Tianhui 4,Active,29.75,Success
CASC,"LC-2, Xichang Satellite Launch Center, China",2021-12-29,16:43:00,Long March 3B/E,TJSW-9,Active,29.15,Success
ISA,"Imam Khomeini Spaceport, Semnan Space Center, Iran",2021-12-30,03:30:00,Simorgh,3 Unknown payloads,Active,0,Failure
SpaceX,"LC-39A, Kennedy Space Center, Florida, USA",2022-01-06,21:49:00,Falcon 9 Block 5,Starlink Group 4-5,Active,67,Success
SpaceX,"SLC-40, Cape Canaveral SFS, Florida, USA",2022-01-13,15:25:00,Falcon 9 Block 5,Transporter 3,Active,67,Success
Virgin Orbit,"Cosmic Girl, Mojave Air and Space Port, California, USA",2022-01-13,22:52:00,LauncherOne,STP-27VPB/Above the Clouds,Active,12,Success
CASC,"LC-9, Taiyuan Satellite Launch Center, China",2022-01-17,02:35:00,Long March 2D,Shiyan 13,Active,29.75,Success
SpaceX,"LC-39A, Kennedy Space Center, Florida, USA",2022-01-19,02:02:00,Falcon 9 Block 5,Starlink Group 4-6,Active,67,Success
ULA,"SLC-41, Cape Canaveral SFS, Florida, USA",2022-01-21,19:00:00,Atlas V 511,GSSAP 5 & 6 (USSF-8),Retired,130,Success
CASC,"Site 9401 (SLS-2), Jiuquan Satellite Launch Center, China",2022-01-25,23:44:00,Long March 4C,L-SAR 01A,Active,64.68,Success
SpaceX,"SLC-40, Cape Canaveral SFS, Florida, USA",2022-01-31,23:11:00,Falcon 9 Block 5,CSG-2,Active,67,Success
SpaceX,"SLC-4E, Vandenberg SFB, California, USA",2022-02-02,20:27:00,Falcon 9 Block 5,NROL-87,Active,67,Success
SpaceX,"LC-39A, Kennedy Space Center, Florida, USA",2022-02-03,18:13:00,Falcon 9 Block 5,Starlink Group 4-7,Active,67,Success
VKS RF,"Site 43/4, Plesetsk Cosmodrome, Russia",2022-02-05,07:00:00,Soyuz 2.1a/Fregat-M,Cosmos 2553,Active,23,Success
Arianespace,"ELS, Guiana Space Centre, French Guiana, France",2022-02-10,18:09:00,Soyuz ST-B/Fregat-MT,OneWeb #13,Active,30,Success
Astra,"SLC-46, Cape Canaveral SFS, Florida, USA",2022-02-10,20:00:00,Rocket 3,VCLS Demo-2A,Active,2.5,Failure
ISRO,"First Launch Pad, Satish Dhawan Space Centre, India",2022-02-14,00:29:00,PSLV-XL,EOS-04 & Others,Active,31,Success
Roscosmos,"Site 31/6, Baikonur Cosmodrome, Kazakhstan",2022-02-15,04:25:00,Soyuz 2.1a,Progress MS-19,Active,17.42,Success
Northrop,"LP-0A, Wallops Flight Facility, Virginia, USA",2022-02-19,17:40:00,Antares 230+,CRS NG-17,Active,85,Success
SpaceX,"SLC-40, Cape Canaveral SFS, Florida, USA",2022-02-21,14:44:00,Falcon 9 Block 5,Starlink Group 4-8,Active,67,Success
SpaceX,"SLC-4E, Vandenberg SFB, California, USA",2022-02-25,17:12:00,Falcon 9 Block 5,Starlink Group 4-11,Active,67,Success
CASC,"Site 9401 (SLS-2), Jiuquan Satellite Launch Center, China",2022-02-26,23:44:00,Long March 4C,L-SAR 01B,Active,64.68,Success
CASC,"LC-201, Wenchang Satellite Launch Center, China",2022-02-27,03:06:00,Long March 8 (Core Only),"Hainan-1, Jilin Gaofen-03D & Others",Active,27,Success
Rocket Lab,"Rocket Lab LC-1B, MДЃhia Peninsula, New Zealand",2022-02-28,20:37:00,Electron/Curie,The OwlвЂ™s Night Continues,Active,7.5,Success
ULA,"SLC-41, Cape Canaveral SFS, Florida, USA",2022-03-01,21:38:00,Atlas V 541,GOES-T (GOES-18),Active,145,Success
SpaceX,"LC-39A, Kennedy Space Center, Florida, USA",2022-03-03,14:25:00,Falcon 9 Block 5,Starlink Group 4-9,Active,67,Success
CASC,"LC-3, Xichang Satellite Launch Center, China",2022-03-05,06:01:00,Long March 2C,Yinhe-1 (x6) & Others,Active,30.8,Success
IRGC,"Launch Platform, Shahrud Missile Test Site, Iran",2022-03-08,05:06:00,Qased,Nour 2,Active,0,Success
SpaceX,"SLC-40, Cape Canaveral SFS, Florida, USA",2022-03-09,13:45:00,Falcon 9 Block 5,Starlink Group 4-10,Active,67,Success
Astra,"LP-3B, Pacific Spaceport Complex, Kodiak, Alaska, USA",2022-03-15,04:22:00,Rocket 3,Spaceflight Astra-1,Active,2.5,Success
CASC,"Site 9401 (SLS-2), Jiuquan Satellite Launch Center, China",2022-03-17,07:09:00,Long March 4C,Yaogan 34-02,Active,64.68,Success
Roscosmos,"Site 31/6, Baikonur Cosmodrome, Kazakhstan",2022-03-18,15:55:00,Soyuz 2.1a,Soyuz MS-21,Active,17.42,Success
SpaceX,"SLC-40, Cape Canaveral SFS, Florida, USA",2022-03-19,04:42:00,Falcon 9 Block 5,Starlink Group 4-12,Active,67,Success
VKS RF,"Site 43/3, Plesetsk Cosmodrome, Russia",2022-03-22,12:48:00,Soyuz 2.1a/Fregat-M,Meridian-M nВ°20L,Active,23,Success
CASC,"LC-9A, Taiyuan Satellite Launch Center, China",2022-03-29,09:50:00,Long March 6A,Pujiang-2 & Tiankun-2,Active,0,Success
CASC,"Site 95, Jiuquan Satellite Launch Center, China",2022-03-30,02:29:00,Long March 11,Tianping-2 A to C,Active,5.3,Success
Blue Origin,"Launch Site One, West Texas, Texas, USA",2022-03-31,13:58:00,New Shepard,NS-20,Active,0,Success
SpaceX,"SLC-40, Cape Canaveral SFS, Florida, USA",2022-04-01,16:24:00,Falcon 9 Block 5,Transporter 4,Active,67,Success
Rocket Lab,"Rocket Lab LC-1A, MДЃhia Peninsula, New Zealand",2022-04-02,12:41:00,Electron/Curie,Without Mission a Beat,Active,7.5,Success
CASC,"Site 9401 (SLS-2), Jiuquan Satellite Launch Center, China",2022-04-06,23:47:00,Long March 4C,Gaofen-3 03,Active,64.68,Success
VKS RF,"Site 43/3, Plesetsk Cosmodrome, Russia",2022-04-07,11:20:00,Soyuz 2.1b,Cosmos 2554,Active,20,Success
SpaceX,"LC-39A, Kennedy Space Center, Florida, USA",2022-04-08,15:17:00,Falcon 9 Block 5,Axiom Mission 1 (Ax-1),Active,67,Success
CASC,"LC-2, Xichang Satellite Launch Center, China",2022-04-15,12:00:00,Long March 3B/E,ChinaSat 6D,Active,29.15,Success
CASC,"LC-9, Taiyuan Satellite Launch Center, China",2022-04-15,18:16:00,Long March 4C,Daqi-1 (AEMS),Active,64.68,Success
SpaceX,"SLC-4E, Vandenberg SFB, California, USA",2022-04-17,13:13:00,Falcon 9 Block 5,NROL-85,Active,67,Success
SpaceX,"SLC-40, Cape Canaveral SFS, Florida, USA",2022-04-21,17:51:00,Falcon 9 Block 5,Starlink Group 4-14,Active,67,Success
SpaceX,"LC-39A, Kennedy Space Center, Florida, USA",2022-04-27,07:52:00,Falcon 9 Block 5,SpaceX Crew-4,Active,67,Success
CASC,"Site 9401 (SLS-2), Jiuquan Satellite Launch Center, China",2022-04-29,04:11:00,Long March 2C,SuperView Neo 1-01 & 02,Active,30.8,Success
VKS RF,"Site 35/1, Plesetsk Cosmodrome, Russia",2022-04-29,19:55:00,Angara 1.2,Cosmos 2555,Active,0,Success
SpaceX,"SLC-40, Cape Canaveral SFS, Florida, USA",2022-04-29,21:27:00,Falcon 9 Block 5,Starlink Group 4-16,Active,67,Success
CASC,"Tai Rui Barge, Yellow Sea",2022-04-30,03:30:00,Long March 11H,Jilin-1 Gaofen 03D-04 to 07 & 04A,Active,5.3,Success
Rocket Lab,"Rocket Lab LC-1A, MДЃhia Peninsula, New Zealand",2022-05-02,22:49:00,Electron/Curie,There and Back Again,Active,7.5,Success
CASC,"LC-9, Taiyuan Satellite Launch Center, China",2022-05-05,02:38:00,Long March 2D,Jilin-1 Wideband-01C & High Resolution 03D-27 to 33,Active,29.75,Success
SpaceX,"LC-39A, Kennedy Space Center, Florida, USA",2022-05-06,09:42:00,Falcon 9 Block 5,Starlink Group 4-17,Active,67,Success
CASC,"LC-201, Wenchang Satellite Launch Center, China",2022-05-09,17:56:00,Long March 7,Tianzhou 4,Active,0,Success
i-Space,"Site 95, Jiuquan Satellite Launch Center, China",2022-05-13,07:09:00,Hyperbola-1,Jilin-1 Mofang-01A(R),Active,0,Failure
SpaceX,"SLC-4E, Vandenberg SFB, California, USA",2022-05-13,22:07:00,Falcon 9 Block 5,Starlink Group 4-13,Active,67,Success
SpaceX,"SLC-40, Cape Canaveral SFS, Florida, USA",2022-05-14,20:40:00,Falcon 9 Block 5,Starlink Group 4-15,Active,67,Success
SpaceX,"LC-39A, Kennedy Space Center, Florida, USA",2022-05-18,10:59:00,Falcon 9 Block 5,Starlink Group 4-18,Active,67,Success
VKS RF,"Site 43/4, Plesetsk Cosmodrome, Russia",2022-05-19,08:03:00,Soyuz 2.1a,Cosmos 2556,Active,17.42,Success
ULA,"SLC-41, Cape Canaveral SFS, Florida, USA",2022-05-19,22:54:00,Atlas V N22,Starliner OFT-2,Active,0,Success
CASC,"Site 9401 (SLS-2), Jiuquan Satellite Launch Center, China",2022-05-20,10:30:00,Long March 2C/YZ-1S,RSW-04 - 06,Active,30.8,Success
SpaceX,"SLC-40, Cape Canaveral SFS, Florida, USA",2022-05-25,18:35:00,Falcon 9 Block 5,Transporter 5,Active,67,Success
CASC,"LC-3, Xichang Satellite Launch Center, China",2022-06-02,04:00:00,Long March 2C,Geely Constellation Group 01,Active,30.8,Success
Roscosmos,"Site 31/6, Baikonur Cosmodrome, Kazakhstan",2022-06-03,09:32:00,Soyuz 2.1a,Progress MS-20,Active,17.42,Success
Blue Origin,"Launch Site One, West Texas, Texas, USA",2022-06-04,13:25:00,New Shepard,NS-21,Active,0,Success
CASC,"Site 901 (SLS-1), Jiuquan Satellite Launch Center, China",2022-06-05,02:44:00,Long March 2F/G,Shenzhou 14,Active,0,Success
SpaceX,"SLC-40, Cape Canaveral SFS, Florida, USA",2022-06-08,21:04:00,Falcon 9 Block 5,Nilesat-301,Active,67,Success
SpaceX,"LC-39A, Kennedy Space Center, Florida, USA",2022-06-17,16:09:00,Falcon 9 Block 5,Starlink Group 4-19,Active,67,Success
SpaceX,"SLC-4E, Vandenberg SFB, California, USA",2022-06-18,14:19:00,Falcon 9 Block 5,SARah 1,Active,67,Success
SpaceX,"SLC-40, Cape Canaveral SFS, Florida, USA",2022-06-19,04:27:00,Falcon 9 Block 5,Globalstar FM15 & USA 328 to 331,Active,67,Success
KARI,"LC-2, Naro Space Center, South Korea",2022-06-21,07:00:00,KSLV-2,Test Flight 2,Active,0,Success
CASIC,"Site 95, Jiuquan Satellite Launch Center, China",2022-06-22,02:08:00,Kuaizhou 1A,Tianxing-1,Active,5.8,Success
Arianespace,"ELA-3, Guiana Space Centre, French Guiana, France",2022-06-22,21:50:00,Ariane 5 ECA,Measat-3d & GSAT-24,Active,200,Success
CASC,"LC-3, Xichang Satellite Launch Center, China",2022-06-23,02:22:00,Long March 2D,Yaogan 35 Group 02,Active,29.75,Success
CASC,"Site 9401 (SLS-2), Jiuquan Satellite Launch Center, China",2022-06-27,15:46:00,Long March 4C,Gaofen-12 03,Active,64.68,Success
Rocket Lab,"Rocket Lab LC-1B, MДЃhia Peninsula, New Zealand",2022-06-28,09:55:00,Electron/Photon,CAPSTONE,Active,0,Success
SpaceX,"SLC-40, Cape Canaveral SFS, Florida, USA",2022-06-29,21:04:00,Falcon 9 Block 5,SES-22,Active,67,Success
ISRO,"Second Launch Pad, Satish Dhawan Space Centre, India",2022-06-30,12:32:00,PSLV-CA,"DS-EO, NeuSAR, SCOOB-I & POEM",Active,21,Success
ULA,"SLC-41, Cape Canaveral SFS, Florida, USA",2022-07-01,23:15:00,Atlas V 541,USSF-12 (WFOV),Active,145,Success
Virgin Orbit,"Cosmic Girl, Mojave Air and Space Port, California, USA",2022-07-02,06:53:00,LauncherOne,STP-S28A,Active,12,Success
VKS RF,"Site 43/4, Plesetsk Cosmodrome, Russia",2022-07-07,09:18:00,Soyuz 2.1b/Fregat-M,Cosmos 2557,Active,25,Success
SpaceX,"SLC-40, Cape Canaveral SFS, Florida, USA",2022-07-07,13:11:00,Falcon 9 Block 5,Starlink Group 4-21,Active,67,Success
SpaceX,"SLC-4E, Vandenberg SFB, California, USA",2022-07-11,01:39:00,Falcon 9 Block 5,Starlink Group 3-1,Active,67,Success
CASC,"LC-2, Xichang Satellite Launch Center, China",2022-07-12,16:30:00,Long March 3B/E,Tianlian-2-03,Active,29.15,Success
Astra,"SLC-46, Cape Canaveral SFS, Florida, USA",2022-07-12,17:43:00,Rocket 3,TROPICS Flight 1,Active,2.5,Failure
Rocket Lab,"Rocket Lab LC-1A, MДЃhia Peninsula, New Zealand",2022-07-13,06:30:00,Electron/Curie,Wise One Looks Ahead (NROL-162),Active,7.5,Success
ESA,"ELV-1, Guiana Space Centre, French Guiana, France",2022-07-13,13:13:00,Vega C,LARES 2 & Cubesats,Active,0,Success
SpaceX,"LC-39A, Kennedy Space Center, Florida, USA",2022-07-15,00:44:00,Falcon 9 Block 5,CRS SpX-25,Active,67,Success
CASC,"LC-9, Taiyuan Satellite Launch Center, China",2022-07-15,22:57:00,Long March 2C,SuperView Neo 2-01 & 02,Active,30.8,Success
SpaceX,"SLC-40, Cape Canaveral SFS, Florida, USA",2022-07-17,14:20:00,Falcon 9 Block 5,Starlink Group 4-22,Active,67,Success
SpaceX,"SLC-4E, Vandenberg SFB, California, USA",2022-07-22,17:39:00,Falcon 9 Block 5,Starlink Group 3-2,Active,67,Success
CASC,"LC-101, Wenchang Satellite Launch Center, China",2022-07-24,06:22:00,Long March 5B,Wentian,Active,0,Success
SpaceX,"LC-39A, Kennedy Space Center, Florida, USA",2022-07-24,13:38:00,Falcon 9 Block 5,Starlink Group 4-25,Active,67,Success
CAS Space,"Jiuquan Satellite Launch Center, China",2022-07-27,04:12:00,Zhongke-1A,Demo Flight,Active,0,Success
CASC,"LC-3, Xichang Satellite Launch Center, China",2022-07-29,13:28:00,Long March 2D,Yaogan 35 Group 03,Active,29.75,Success